Parent Company,Subreddit Display Name,Submission IDs
Apple,apple,"1bfef6w,1bfl0u3,1bfl84a,1bfgqny,1bfvuhc"
Apple,AppleWatch,"1bfdx08,1bfjr20,1bfd1qk,1bfnjyd,1bft5km"
Apple,AppleMusic,"1bf7znv,1bf7ask,1bfvjwk,1bfisi7,1bfptkp"
Apple,iphone,"1bf8u62,1bfljkv,1bft8rs,1bfor7u,1bfndz3"
Apple,appletv,"1bfg08o,1bffsjz,1bfum3m,1bffe8y,1bfcbow"
Apple,technology,"1bfemgu,1bfiyxn,1bfn3xx,1bfngy4,1bfbi4t"
Apple,ipad,"1bfderr,1bf70ua,1bfqo1f,1bfbopf,1bfg9uq"
Apple,AppleArcade,"1bfd2rt,1bfodq9,1bfdfej"
Apple,applehelp,"1bfm953,1bfvsd4,1bfq7om,1bfkl6f,1bfke9z"
Apple,mac,"1bf96zz,1bf9cl7,1bfov0i,1bfkhhg,1bf9noz"
Apple,jailbreak,"1bfesml,1bfh0tz,1bfkrog,1bfmn26,1bffhii"
Apple,applesucks,"1bf8rew,1bfkfrs,1bfn8bh,1bfaqdx"
Apple,appleswap,"1bfdwsh,1bfn9y3,1bfmoop,1bfjy71,1bfj035"
Apple,VisionPro,"1bfowoc,1bfj1gv,1bfa3fc,1bfjb5t,1bfinyn"
Apple,ios,"1bft5j6,1bfen5j,1bfma76,1bfrv2q,1bfo0g5"
Apple,tvPlus,"1bfgh3r,1bfkbnb,1bfroiz,1bfdf4k"
Apple,macbook,"1bf75t9,1bfv1dn,1bfjx1k,1bfhib2,1bfvvwl"
Apple,AppleFitnessPlus,"1bfcfxb,1bf7umg,1bfhpg9,1bfx6ee,1bfd0wu"
Apple,AppleTVPlus,1262qcn
Apple,applestocks,1bewh1u
Apple,AppleBandMarket,"1bfrjvl,1bfr935"
Apple,ApplePhotos,"1bfpzw9,1bfuf40"
Apple,InvasionAppleTV,1beumlt
Apple,ApplePlaylists,"1bflnrb,1bfi5m5"
Apple,apple_jp,1bf5y9t
Apple,CallsApple,ubqyv0
Microsoft,microsoft,"1bffl0o,1bft9ap,1bfisv5,1bfbr6s,1bf9ioi"
Microsoft,MicrosoftRewards,"1bfap8x,1bfpplf,1bf88q8,1bfjh28,1bfaipr"
Microsoft,MicrosoftTeams,"1bfcjce,1bfgw1s,1bfd1eu,1bfhyik,1bfdxbz"
Microsoft,xboxone,"1bfj0lj,1bfin4u,1bffdgx,1bfvs4b,1bfloot"
Microsoft,technology,"1bfemgu,1bfiyxn,1bfn3xx,1bfngy4,1bfbi4t"
Microsoft,MicrosoftEdge,"1bf6j1f,1bfblvn,1bfkks5,1bfb1al,1bfy708"
Microsoft,MicrosoftFlightSim,"1bfdl71,1bfcta7,1bfknji,1bf93s5,1bfb69b"
Microsoft,Windows10,"1bfif2i,1bfttix,1bfxrx2,1bfrat1,1bfczji"
Microsoft,MicrosoftWord,"1bfh9mf,1bf9i9j,1bfndvo,1bfknpa,1bfjy2x"
Microsoft,Office365,"1bfin4o,1bfelcq,1bfauni,1bfe0yk,1bfmwgc"
Microsoft,windows,"1bfmzpk,1bffxcj,1bfewma,1bfr87q,1bfdtyq"
Microsoft,Windows11,"1bfg9n4,1bfg2yu,1bfv1t1,1bfsmxt,1bfmhjh"
Microsoft,windowsphone,"1bfjtoj,1bf93sl,1bfwhnk,1bfmft7,1bfo619"
Microsoft,MicrosoftPlanner,1bes9gu
Microsoft,Surface,"1bflefr,1bfichp,1bfun5c,1bfensl,1bfr21t"
Microsoft,MicrosoftLists,1bddcnn
Microsoft,bing,"1bfgjyl,1bfpvbh,1bffi31,1bfloig,1bfm99s"
Microsoft,pcmasterrace,"1bf7e8r,1bfk7ic,1bf83t6,1bf71qn,1bfli3z"
Microsoft,MSAccess,"1bfpczn,1bfnpnt,1bfl166,1bfpyb5"
Microsoft,xbox,"1bfkxux,1bfmhy0,1bfj0z9,1bfi3qt,1bfaq0w"
Microsoft,microsoft365,"1bfau6r,1bffddt,1bfb4tk"
Microsoft,AZURE,"1bfc1gp,1bfoq1o,1bfij1y,1bfebpc,1bfdwtl"
Microsoft,pcgaming,"1bffqyx,1bfim9k,1bfqoj9,1bfc7nu,1bfjy1j"
Microsoft,exchangeserver,"1bfgz98,1bfefxv,1bfmuwf,1bfgsi0,1bfbjvp"
Microsoft,linux,"1bfmshw,1bfpz4y,1bfi6oz,1bfhxj8,1bf792t"
Microsoft,softwaregore,"1bfwjte,1bfwky0,1bfy4k6"
Microsoft,MicrosoftBand,1bfpqqx
Microsoft,MVIS,"1bfbssg,1bff1k7,1bff0bz,1bfca2t,1bfgozu"
Microsoft,MicrosoftExcel,1bfdd2p
Microsoft,MicrosoftAccess,1bfa6tc
Microsoft,FuckMicrosoft,1baxg5w
Microsoft,microsoftoffice,"1bfmqf1,1bfb5eg"
Microsoft,MicrosoftOutlook,1bb11rg
Microsoft,MicrosoftIgnite,183lh0n
Microsoft,MicrosoftStore,1b862o2
Microsoft,xbox360,"1bf8y3s,1bf6zqv,1bfgmph,1bfczqv,1bf9pit"
Microsoft,linuxmasterrace,"1bfd78w,1bfdbtr"
Microsoft,MicrosoftBand2,dzjyl8
Microsoft,MicrosoftYammer,1b35zy1
Microsoft,MicrosoftWhiteboard,n4mpzd
Alphabet,waze,"1bfq0th,1bfocju"
Alphabet,AndroidAuto,"1bfkmm9,1bfv94t,1bfv8ph"
Alphabet,Android,"1bfotvk,1bfib4e,1bfsff8,1bfoqmj"
Alphabet,jailbreak,"1bfesml,1bfh0tz,1bfkrog,1bfmn26,1bffhii"
Alphabet,technology,"1bfemgu,1bfiyxn,1bfn3xx,1bfngy4,1bfbi4t"
Alphabet,windowsphone,"1bfjtoj,1bf93sl,1bfwhnk,1bfmft7,1bfo619"
Alphabet,softwaregore,"1bfwjte,1bfwky0,1bfy4k6"
Alphabet,apple,"1bfef6w,1bfl0u3,1bfl84a,1bfgqny,1bfvuhc"
Alphabet,google,1bfu8lv
Alphabet,shortcuts,"1bfoeu5,1bfenyd,1bf91pu,1bfvpm5,1bfkdkc"
Alphabet,tasker,"1bffuvi,1bfdlz8,1bfasfd,1bfujwy,1bfsmnx"
Alphabet,GooglePixel,"1bfix0z,1bftd5o,1bfa1hs,1bfskl0,1bfor93"
Alphabet,GoogleMaps,"1bf9r6n,1bfp9tl,1bfnmaz,1bf6ufz,1bfigq9"
Alphabet,AndroidQuestions,"1bfe23j,1bfvr3g,1bfp9ii,1bfnbl5,1bfx36s"
Amazon,amazon,"1bfmz7t,1bfelxq,1bfv056,1bfb9kv"
Amazon,bapcsalescanada,"1bf6aef,1bfdc1b,1bf96uv,1bfv75g,1bfq99c"
Amazon,amazonprime,"1bf77xn,1bfdlc9,1bfohdt,1bfrqh8,1bfn7ti"
Amazon,AmazonSeller,"1bf83uz,1bfu4ez,1bfgyws,1bf9ya9,1bfr7tr"
Amazon,Random_Acts_Of_Amazon,"1bfkeju,1bfmonx,1bfe35x,1bfl7nt,1bfe41l"
Amazon,technology,"1bfemgu,1bfiyxn,1bfn3xx,1bfngy4,1bfbi4t"
Amazon,AmazonUnder5,1bejaqe
Amazon,AmazonPrimeVideo,"1bf75ac,1bfpbyz,1bfn69p,1bfeqxo,1bf91zl"
Amazon,NintendoSwitchDeals,"1bfiagj,1bfi8a6"
Amazon,AmazonFreebies,1ayoo6m
Amazon,AmazonPrimeDeals,"1bfya7b,1bftx6z,1bfrl9d,1bfq5r9,1bfomix"
Amazon,aws,"1bf7bd8,1bf9gkb,1bfls42,1bflrzt,1bfhp9p"
Amazon,BestOfAmazonPrime,160pwh2
Amazon,amazonecho,"1bfrqbf,1bfwnsq,1bfs2k0,1bf7l98"
Amazon,kindle,"1bfkvn3,1bff30v,1bf8u3r,1bf92st,1bfgqqk"
Amazon,cordcutters,"1bfiyah,1bf9hbp,1bfttko,1bfnnrj,1bf8ljc"
Amazon,AmazonMusic,"1bftskx,1bftcwj,1bfovze"
Amazon,AmazonWFShoppers,1bdy43e
Amazon,NintendoSwitch,"1bffzim,1bfh0xr,1bfirel,1bfjcrs,1bfmp9r"
Amazon,alexa,"1bf7nem,1bfs9xk,1bfs2zl,1bfp744,1bfl7o7"
Nvidia,nvidia,"1bfhk9h,1bff5me,1bfbgb5,1bfs6de,1bf89nv"
Nvidia,hardware,"1bffc5k,1bfmawn,1bf7i12,1bfbq2i,1bfhs2n"
Nvidia,ShieldAndroidTV,"1bfg4i0,1bfpu67,1bfgudn,1bfjrb2"
Nvidia,GeForceNOW,"1bf8xbi,1bf754h,1bfl74u,1bfdaaw,1bf977w"
Nvidia,LaptopDeals,"1bfomnq,1bffwr0,1bfd6e3,1bfoji4,1bfmq8v"
Nvidia,AyyMD,"1bfcgz6,1bfwllt"
Nvidia,technology,"1bfemgu,1bfiyxn,1bfn3xx,1bfngy4,1bfbi4t"
Nvidia,techsupport,"1bfsqfi,1bfetp4,1bfhuqw,1bfnjbt,1bfmrrl"
Nvidia,hackintosh,"1bfkrjb,1bfi4fw,1bfp9vq,1bf9mua,1bfq3qv"
Nvidia,GamingLaptops,"1bfq4yh,1bfc08y,1bf9qi1,1bfbki7,1bfmv2u"
Nvidia,linux4noobs,"1bfq01g,1bfoum4,1bflcro,1bfctnh,1bfceif"
Nvidia,bapcsalescanada,"1bf6aef,1bfdc1b,1bf96uv,1bfv75g,1bfq99c"
Nvidia,gpumining,"1bfo2jp,1bfe1xu,1bfvq2k,1bfg4ez,1bfe6y3"
Nvidia,gsync,1b183cp
Nvidia,kde,"1bf7ych,1bfe5nt,1bfbz6k,1bf8o6x,1bfxqan"
Nvidia,linuxmint,"1bfen0w,1bfkpgo,1bfdogj,1bfmkqc,1bfu00p"
Nvidia,dogemining,"1bdq45f,1bdq2dw"
Nvidia,pcgamingtechsupport,"1bfnbqq,1bf6mnd,1bfvoqy,1bftwm8,1bftdp0"
Nvidia,htpc,"1bff979,1bf775z"
Nvidia,gigabyte,"1bftw9o,1bfd66t,1bfuk8x,1bft440,1bfoiln"
Nvidia,MSILaptops,"1bfxkse,1bfcd8d,1bfy513,1bfy0c9,1bfvxod"
Tesla,TeslaModel3,"1bfdvhx,1bfps5z,1bfsj1a,1bfiyq2,1bfewo4"
Tesla,RealTesla,"1bfknl9,1bforvs,1bfl67d,1bfad1h"
Tesla,TeslaModelY,"1bfekyc,1bfp6c8,1bff9aj,1bfh4vd,1bfl2tl"
Tesla,teslainvestorsclub,"1bffia9,1bfkve8,1bfh5bn,1bfmcgd,1bfm48t"
Tesla,EnoughMuskSpam,"1bfcfp5,1bfq5kr,1bfhhhm,1bfohyi,1bff0hq"
Tesla,TeslaCam,1bbs7h9
Tesla,TeslaSolar,"1bfivir,1bfj7uc,1bfoccd,1bfu15g,1bff867"
Tesla,electricvehicles,"1bfiv0d,1bfd801,1bfanov,1bfbtr4,1bfg24l"
Tesla,TeslaModelX,"1bffk65,1bfj3nv,1bfi6xv"
Tesla,elonmusk,"1bfu1pt,1bfeycg"
Tesla,TeslaModelS,"1bfq9zu,1bfp8gb"
Tesla,TSLA,"1bfx45z,1bfk2fp,1bfvfhm,1bfnav2"
Tesla,ModelY,"1bfeadt,1bfrved,1bfwv2o,1bfv9hr,1bfvnjt"
Tesla,TeslaLightShow,1bdo2zt
Tesla,TeslaSemi,1beku55
Tesla,TeslaModel3Delivery,14qsco5
Tesla,TeslaAutonomy,1b5s49x
Tesla,Tesla_Motors,1b2idkc
Tesla,TeslaSafe,r4ksof
Tesla,TeslaFSD,1b5kihg
Tesla,TeslaModel3SRDelivery,10t7vj0
Tesla,TeslaSpeed,148bb42
Tesla,TeslaCharts,18vbkcy
Meta,OculusQuest,"1bfe1nm,1bfky6c,1bfao2q,1bffeu2,1bfhe07"
Meta,pcmasterrace,"1bf7e8r,1bfk7ic,1bf83t6,1bf71qn,1bfli3z"
Meta,hardwareswap,"1bfoz2r,1bflki4,1bfr24g,1bfbxjq,1bftq05"
Meta,VRchat,"1bfltjv,1bfed10,1bfa731,1bfndxe,1bfhsoc"
Meta,technology,"1bfemgu,1bfiyxn,1bfn3xx,1bfngy4,1bfbi4t"
Meta,OnwardVR,"1bfphqx,1bfmyxi"
